Workbook

Sheet Variance Analysis
A2: ATHENA PROPERTY MANAGEMENT
A3: ABI PROPERTIES
A4: 01/01/26 TO 12/31/26
A5: OPERATING BUDGET
E6: Monthly | I6: Monthly | M6: Monthly | Q6: Monthly | V6: Monthly | Z6: Monthly | AE6: Monthly | AJ6: Monthly
A7: Particulars | C7: Budget | D7: Charges | E7: Variance | F7: Comments | G7: Budget | H7: Charges | I7: Variance | J7: Comments | K7: Budget | L7: Charges | M7: Variance | N7: Comments | O7: Budget | P7: Charges | Q7: Variance | R7: Comments | T7: Budget | U7: Charges | V7: Variance | W7: Comments | X7: Budget | Y7: Charges | Z7: Variance | AA7: Comments | AC7: Budget | AD7: Charges | AE7: Variance | AF7: Comments | AH7: Budget | AI7: Receipts | AJ7: Variance | AK7: Comments | AL7: YTD as of 2026 | AM7: YTD as of 2026 | AN7: YTD | AO7: YTD
A8: Tenant ID | B8: Tenant | C8: 46023 | D8: 46023 | E8: 46023 | F8: 46023 | G8: 46054 | H8: 46054 | I8: 46054 | J8: 46054 | K8: 46082 | L8: 46082 | M8: 46082 | N8: 46082 | O8: 46113 | P8: 46113 | Q8: 46113 | R8: 46113 | T8: 46154 | U8: =T8 -> 46154 | V8: =U8 -> 46154 | W8: =V8 -> 46154 | X8: 46185 | Y8: =X8 -> 46185 | Z8: =Y8 -> 46185 | AA8: =Z8 -> 46185 | AC8: 46215 | AD8: =AC8 -> 46215 | AE8: =AD8 -> 46215 | AF8: =AE8 -> 46215 | AH8: 46254 | AI8: =AH8 -> 46254 | AJ8: =AI8 -> 46254 | AK8: =AJ8 -> 46254 | AL8: Budget | AM8: Receipts | AN8: Variance | AO8: Comments
B9: Desert Financial Credit Union | AH9: =VLOOKUP(B9,'Final Data'!A2:M13,9,0) -> 24739.581 | AI9: 25354.83 | AJ9: =AI9-AH9 -> 615.2491 | AK9: STX $619.22 Budget vs Pmt CAM ($3.97) Budget vs Pmt | AL9: =AH9 -> 24739.581 | AM9: =AI9 -> 25354.83 | AN9: =AM9-AL9 -> 615.2491 | AO9: STX $619.22 Budget vs Pmt CAM ($3.97) Budget vs Pmt
B10: Dip Nail Bar | AH10: =VLOOKUP(B10,'Final Data'!A3:M14,9,0) -> 11357.134 | AI10: 10900 | AJ10: =AI10-AH10 -> -457.13412 | AK10: STX $283.85 Budget vs Pmt CAM ($740.97) Budget vs Pmt | AL10: =AH10 -> 11357.134 | AM10: =AI10 -> 10900 | AN10: =AM10-AL10 -> -457.13412 | AO10: STX $283.85 Budget vs Pmt CAM ($740.97) Budget vs Pmt
B11: First Watch | AH11: =VLOOKUP(B11,'Final Data'!A4:M15,9,0) -> 19108.33 | AI11: 39172.08 | AJ11: =AI11-AH11 -> 20063.75 | AK11: STX $955.42 Budget vs Pmt BAS $16,833.33 past due paid NNN $ 2,275.00 past due paid | AL11: =AH11 -> 19108.33 | AM11: =AI11 -> 39172.08 | AN11: =AM11-AL11 -> 20063.75 | AO11: STX $955.42 Budget vs Pmt BAS $16,833.33 past due paid NNN $ 2,275.00 past due paid
B12: Goodwill | AH12: =VLOOKUP(B12,'Final Data'!A5:M16,9,0) -> 68096.75 | AI12: 69934.9 | AJ12: =AI12-AH12 -> 1838.1503 | AK12: STX $1705.73 Budget vs Pmt CAM $186.38 Budget vs Pmt INS ($53.01) Budget vs Pmt | AL12: =AH12 -> 68096.75 | AM12: =AI12 -> 69934.9 | AN12: =AM12-AL12 -> 1838.1503 | AO12: STX $1705.73 Budget vs Pmt CAM $186.38 Budget vs Pmt INS ($53.01) Budget vs Pmt
B13: Heartland Dental | AH13: =VLOOKUP(B13,'Final Data'!A6:M17,9,0) -> 18608.674 | AI13: 35055 | AJ13: =AI13-AH13 -> 16446.326 | AK13: STX $855.84 Budget vs Pmt BAS $15,595.83 past due paid NNN $5.34 Budget vs Pmt | AL13: =AH13 -> 18608.674 | AM13: =AI13 -> 35055 | AN13: =AM13-AL13 -> 16446.326 | AO13: STX $855.84 Budget vs Pmt BAS $15,595.83 past due paid NNN $5.34 Budget vs Pmt
B14: Mattress Firm | AH14: =VLOOKUP(B14,'Final Data'!A7:M18,9,0) -> 17896.174 | AI14: 36973.26 | AJ14: =AI14-AH14 -> 19077.086 | AK14: STX $901.78 Budget vs Pmt NNN $3,152.41 past due paid NNN $139.57 Budget vs Pmt BAS $14,883.33 past due paid | AL14: =AH14 -> 17896.174 | AM14: =AI14 -> 36973.26 | AN14: =AM14-AL14 -> 19077.086 | AO14: STX $901.78 Budget vs Pmt NNN $3,152.41 past due paid NNN $139.57 Budget vs Pmt BAS $14,883.33 past due paid
B15: McDonald's | AH15: =VLOOKUP(B15,'Final Data'!A8:M19,9,0) -> 12711.787 | AI15: 0 | AJ15: =AI15-AH15 -> -12711.787 | AK15: BAS $11667.67 Short Pmt NNN $1,044.12 Short Pmt | AL15: =AH15 -> 12711.787 | AM15: =AI15 -> 0 | AN15: =AM15-AL15 -> -12711.787 | AO15: BAS $11667.67 Short Pmt NNN $1,044.12 Short Pmt
B16: Panda Express | AH16: =VLOOKUP(B16,'Final Data'!A9:M20,9,0) -> 159.22289 | AI16: 0 | AJ16: =AI16-AH16 -> -159.22289 | AK16: Budget vs Pmt | AL16: =AH16 -> 159.22289 | AM16: =AI16 -> 0 | AN16: =AM16-AL16 -> -159.22289 | AO16: Budget vs Pmt
B17: Pita Kitchen | AH17: =VLOOKUP(B17,'Final Data'!A10:M21,9,0) -> 9077.1366 | AI17: 9257.29 | AJ17: =AI17-AH17 -> 180.15344 | AK17: STX $225.40 Budget vs Pmt NNN ($45.25) Budget vs Pmt | AL17: =AH17 -> 9077.1366 | AM17: =AI17 -> 9257.29 | AN17: =AM17-AL17 -> 180.15344 | AO17: STX $225.40 Budget vs Pmt NNN ($45.25) Budget vs Pmt
B18: Port of Subs | AH18: =VLOOKUP(B18,'Final Data'!A11:M22,9,0) -> 5731.1997 | AI18: 5873.02 | AJ18: =AI18-AH18 -> 141.82027 | AK18: STX $143.25 Budget vs Pmt NNN ($1.43) Budget vs Pmt | AL18: =AH18 -> 5731.1997 | AM18: =AI18 -> 5873.02 | AN18: =AM18-AL18 -> 141.82027 | AO18: STX $143.25 Budget vs Pmt NNN ($1.43) Budget vs Pmt
B19: Someburros | AH19: =VLOOKUP(B19,'Final Data'!A12:M23,9,0) -> 17119.275 | AI19: 17323.64 | AJ19: =AI19-AH19 -> 204.36467 | AK19: STX $422.53 Budget vs Pmt NNN ($218.17) Budget vs Pmt | AL19: =AH19 -> 17119.275 | AM19: =AI19 -> 17323.64 | AN19: =AM19-AL19 -> 204.36467 | AO19: STX $422.53 Budget vs Pmt NNN ($218.17) Budget vs Pmt
B20: The Buffalo Spot | AH20: =VLOOKUP(B20,'Final Data'!A13:M24,9,0) -> 9062.0666 | AI20: 0 | AJ20: =AI20-AH20 -> -9062.0666 | AK20: BAS $7437.75 Budget vs Pmt NNN $ 1,624.32 Budget vs Pmt | AL20: =AH20 -> 9062.0666 | AM20: =AI20 -> 0 | AN20: =AM20-AL20 -> -9062.0666 | AO20: BAS $7437.75 Budget vs Pmt NNN $ 1,624.32 Budget vs Pmt
AJ21: =AI21-AH21 -> 0 | AL21: =AH21 -> 0 | AM21: =AI21 -> 0 | AN21: =AM21-AL21 -> 0
AL23: 208168 | AM23: 299955.74 | AN23: 91787.74 | AO23: BAS $65,993.75 Budget vs Pmt untill July NNN $ 25,793.99 Budget vs Pmt untill July
AJ24: =AI24-AH24 -> 0 | AL24: =AH24 -> 0 | AM24: =AI24 -> 0 | AN24: =AM24-AL24 -> 0
AH25: =5077-1633.4-230.11-8712.98 -> -5499.49 | AI25: 0 | AJ25: =AI25-AH25 -> 5499.49 | AK25: Budget vs MRI | AL25: =AH25 -> -5499.49 | AM25: =AI25 -> 0 | AN25: =AM25-AL25 -> 5499.49 | AO25: Budget vs MRI
AJ26: =AI26-AH26 -> 0
C27: =SUM(C9:C19) -> 0 | D27: =SUM(D9:D19) -> 0 | E27: =SUM(E9:E19) -> 0 | G27: =SUM(G9:G19) -> 0 | H27: =SUM(H9:H26) -> 0 | I27: =SUM(I9:I19) -> 0 | K27: =SUM(K9:K19) -> 0 | L27: =SUM(L9:L19) -> 0 | M27: =SUM(M9:M19) -> 0 | O27: =SUM(O9:O19) -> 0 | P27: =SUM(P9:P19) -> 0 | Q27: =SUM(Q9:Q26) -> 0 | T27: =SUM(T9:T19) -> 0 | U27: =SUM(U9:U19) -> 0 | V27: =SUM(V9:V19) -> 0 | X27: =SUM(X9:X19) -> 0 | Y27: =SUM(Y9:Y26) -> 0 | Z27: =SUM(Z9:Z19) -> 0 | AC27: =SUM(AC9:AC19) -> 0 | AD27: =SUM(AD9:AD19) -> 0 | AE27: =SUM(AE9:AE19) -> 0 | AH27: =SUM(AH9:AH25) -> 208167.84 | AI27: =SUM(AI9:AI25) -> 249844.02 | AJ27: =SUM(AJ9:AJ25) -> 41676.179 | AL27: =SUM(AL9:AL25) -> 416335.84 | AM27: =SUM(AM9:AM26) -> 549799.76 | AN27: =SUM(AN9:AN26) -> 133463.92
AH28: 208168 | AI28: 249844.02 | AJ28: 41676.02 | AL28: 416336 | AM28: 549799.76 | AN28: 133463.76
AH29: =AH28-AH27 -> 0.15947358 | AI29: =AI28-AI27 -> 0 | AJ29: =AJ28-AJ27 -> -0.15947358 | AL29: =AL28-AL27 -> 0.15947358 | AM29: =AM28-AM27 -> 0 | AN29: =AN28-AN27 -> -0.15947358
D33: =D30-D27 -> 0

Sheet Final Data
A1: Row Labels | B1: Sum of Jan 2026 | C1: Sum of Feb 2026 | D1: Sum of Mar 2026 | E1: Sum of Apr 2026 | F1: Sum of May 2026 | G1: Sum of Jun 2026 | H1: Sum of Jul 2026 | I1: Sum of Aug 2026 | J1: Sum of Sep 2026 | K1: Sum of Oct 2026 | L1: Sum of Nov 2026 | M1: Sum of Dec 2026
A2: Desert Financial Credit Union | B2: 24739.581 | C2: 24739.581 | D2: 24739.581 | E2: 24739.581 | F2: 24739.581 | G2: 24739.581 | H2: 24739.581 | I2: 24739.581 | J2: 24739.581 | K2: 24739.581 | L2: 24739.581 | M2: 24739.581
A3: Dip Nail Bar | B3: 11357.134 | C3: 11357.134 | D3: 11357.134 | E3: 11357.134 | F3: 11357.134 | G3: 11357.134 | H3: 11357.134 | I3: 11357.134 | J3: 11357.134 | K3: 11357.134 | L3: 11357.134 | M3: 11357.134
A4: First Watch | B4: 19108.33 | C4: 19108.33 | D4: 19108.33 | E4: 19108.33 | F4: 19108.33 | G4: 19108.33 | H4: 19108.33 | I4: 19108.33 | J4: 19108.33 | K4: 19108.33 | L4: 19108.33 | M4: 19108.33
A5: Goodwill | B5: 68096.75 | C5: 68096.75 | D5: 68096.75 | E5: 68096.75 | F5: 68096.75 | G5: 68096.75 | H5: 68096.75 | I5: 68096.75 | J5: 68096.75 | K5: 68096.75 | L5: 68096.75 | M5: 68096.75
A6: Heartland Dental | B6: 18608.674 | C6: 18608.674 | D6: 18608.674 | E6: 18608.674 | F6: 18608.674 | G6: 18608.674 | H6: 18608.674 | I6: 18608.674 | J6: 18608.674 | K6: 18608.674 | L6: 18608.674 | M6: 18608.674
A7: Mattress Firm | B7: 17896.174 | C7: 17896.174 | D7: 17896.174 | E7: 17896.174 | F7: 17896.174 | G7: 17896.174 | H7: 17896.174 | I7: 17896.174 | J7: 17896.174 | K7: 17896.174 | L7: 17896.174 | M7: 17896.174
A8: McDonald's | B8: 12711.787 | C8: 12711.787 | D8: 12711.787 | E8: 12711.787 | F8: 12711.787 | G8: 12711.787 | H8: 12711.787 | I8: 12711.787 | J8: 12711.787 | K8: 12711.787 | L8: 12711.787 | M8: 12711.787
A9: Panda Express | B9: 159.22289 | C9: 159.22289 | D9: 159.22289 | E9: 159.22289 | F9: 159.22289 | G9: 159.22289 | H9: 159.22289 | I9: 159.22289 | J9: 159.22289 | K9: 159.22289 | L9: 159.22289 | M9: 159.22289
A10: Pita Kitchen | B10: 9077.1366 | C10: 9077.1366 | D10: 9077.1366 | E10: 9077.1366 | F10: 9077.1366 | G10: 9077.1366 | H10: 9077.1366 | I10: 9077.1366 | J10: 9077.1366 | K10: 9077.1366 | L10: 9077.1366 | M10: 9077.1366
A11: Port of Subs | B11: 5731.1997 | C11: 5731.1997 | D11: 5731.1997 | E11: 5731.1997 | F11: 5731.1997 | G11: 5731.1997 | H11: 5731.1997 | I11: 5731.1997 | J11: 5731.1997 | K11: 5731.1997 | L11: 5731.1997 | M11: 5731.1997
A12: Someburros | B12: 17119.275 | C12: 17119.275 | D12: 17119.275 | E12: 17119.275 | F12: 17119.275 | G12: 17119.275 | H12: 17119.275 | I12: 17119.275 | J12: 17119.275 | K12: 17119.275 | L12: 17119.275 | M12: 17119.275
A13: The Buffalo Spot | B13: 9062.0666 | C13: 9062.0666 | D13: 9062.0666 | E13: 9062.0666 | F13: 9062.0666 | G13: 9062.0666 | H13: 9062.0666 | I13: 9062.0666 | J13: 9062.0666 | K13: 9062.0666 | L13: 9062.0666 | M13: 9062.0666
A14: Vacant | B14: 0 | C14: 0 | D14: 0 | E14: 0 | F14: 0 | G14: 0 | H14: 0 | I14: 0 | J14: 0 | K14: 0 | L14: 0 | M14: 0
A16: Grand Total | B16: =SUM(B2:B15) -> 213667.33 | C16: =SUM(C2:C15) -> 213667.33 | D16: =SUM(D2:D15) -> 213667.33 | E16: =SUM(E2:E15) -> 213667.33 | F16: =SUM(F2:F15) -> 213667.33 | G16: =SUM(G2:G15) -> 213667.33 | H16: =SUM(H2:H15) -> 213667.33 | I16: =SUM(I2:I15) -> 213667.33 | ... M16: =SUM(M2:M15) -> 213667.33

Sheet Base Rent
A4: TENANT | B4: SUITE | C4: SQ. FT. | D4: RATE/SF | E4: JAN | F4: FEB | G4: MAR | H4: APR | I4: MAY | J4: JUN | K4: JUL | L4: AUG | M4: SEP | N4: OCT | O4: NOV | P4: DEC | Q4: TOTAL
E5: 1 | F5: 2 | G5: 3 | H5: 4 | I5: 5 | J5: 6 | K5: 7 | L5: 8 | M5: 9 | N5: 10 | O5: 11 | P5: 12 | Q5: x
A7: Vacant | B7: Pad A | C7: 0.001 | D7: 0 | E7: 0 | F7: 0 | G7: 0 | H7: 0 | I7: 0 | J7: 0 | K7: 0 | L7: 0 | M7: 0 | N7: 0 | O7: 0 | P7: 0 | Q7: 0
A8: Someburros | B8: Pad B | C8: 3466 | D8: 52.51011 | E8: 15166.67 | F8: 15166.67 | G8: 15166.67 | H8: 15166.67 | I8: 15166.67 | J8: 15166.67 | K8: 15166.67 | L8: 15166.67 | M8: 15166.67 | N8: 15166.67 | O8: 15166.67 | P8: 15166.67 | Q8: 182000.04
A9: Panda Express | B9: Pad C (SOLD) | C9: 2600 | D9: 4.6153846e-07 | E9: 0.0001 | F9: 0.0001 | G9: 0.0001 | H9: 0.0001 | I9: 0.0001 | J9: 0.0001 | K9: 0.0001 | L9: 0.0001 | M9: 0.0001 | N9: 0.0001 | O9: 0.0001 | P9: 0.0001 | Q9: 0.0012
A10: Heartland Dental | B10: Pad D - Suite 102 | C10: 3800 | D10: 49.249989 | E10: 15595.83 | F10: 15595.83 | G10: 15595.83 | H10: 15595.83 | I10: 15595.83 | J10: 15595.83 | K10: 15595.83 | L10: 15595.83 | M10: 15595.83 | N10: 15595.83 | O10: 15595.83 | P10: 15595.83 | Q10: 187149.96
A11: Pita Kitchen | B11: Pad D - Suite 104 | C11: 1800 | D11: 51 | E11: 7650 | F11: 7650 | G11: 7650 | H11: 7650 | I11: 7650 | J11: 7650 | K11: 7650 | L11: 7650 | M11: 7650 | N11: 7650 | O11: 7650 | P11: 7650 | Q11: 91800
A12: The Buffalo Spot | B12: Pad D - Suite 106 | C12: 1899 | D12: 47 | E12: 7437.75 | F12: 7437.75 | G12: 7437.75 | H12: 7437.75 | I12: 7437.75 | J12: 7437.75 | K12: 7437.75 | L12: 7437.75 | M12: 7437.75 | N12: 7437.75 | O12: 7437.75 | P12: 7437.75 | Q12: 89253
A13: Dip Nail Bar | B13: Pad D - Suite 108 | C13: 2500 | D13: 45 | E13: 9375 | F13: 9375 | G13: 9375 | H13: 9375 | I13: 9375 | J13: 9375 | K13: 9375 | L13: 9375 | M13: 9375 | N13: 9375 | O13: 9375 | P13: 9375 | Q13: 112500
A14: First Watch | B14: Pad E - Suite 101 | C14: 3900 | D14: 51.794862 | E14: 16833.33 | F14: 16833.33 | G14: 16833.33 | H14: 16833.33 | I14: 16833.33 | J14: 16833.33 | K14: 16833.33 | L14: 16833.33 | M14: 16833.33 | N14: 16833.33 | O14: 16833.33 | P14: 16833.33 | Q14: 201999.96
A15: Port of Subs | B15: Pad E - Suite 104 | C15: 1201 | D15: 47.000033 | E15: 4703.92 | F15: 4703.92 | G15: 4703.92 | H15: 4703.92 | I15: 4703.92 | J15: 4703.92 | K15: 4703.92 | L15: 4703.92 | M15: 4703.92 | N15: 4703.92 | O15: 4703.92 | P15: 4703.92 | Q15: 56447.04
A16: Mattress Firm | B16: Pad E - Suite 106 | C16: 3800 | D16: 46.999989 | E16: 14883.33 | F16: 14883.33 | G16: 14883.33 | H16: 14883.33 | I16: 14883.33 | J16: 14883.33 | K16: 14883.33 | L16: 14883.33 | M16: 14883.33 | N16: 14883.33 | O16: 14883.33 | P16: 14883.33 | Q16: 178599.96
A17: Desert Financial Credit Union | B17: Pad F (BTS) | C17: 3676 | D17: 74.000011 | E17: 22668.67 | F17: 22668.67 | G17: 22668.67 | H17: 22668.67 | I17: 22668.67 | J17: 22668.67 | K17: 22668.67 | L17: 22668.67 | M17: 22668.67 | N17: 22668.67 | O17: 22668.67 | P17: 22668.67 | Q17: 272024.04
A18: McDonald's | B18: Pad G (GL) | C18: 3843 | D18: 36.433005 | E18: 11667.67 | F18: 11667.67 | G18: 11667.67 | H18: 11667.67 | I18: 11667.67 | J18: 11667.67 | K18: 11667.67 | L18: 11667.67 | M18: 11667.67 | N18: 11667.67 | O18: 11667.67 | P18: 11667.67 | Q18: 140012.04
A19: Goodwill | B19: Pad H | C19: 25000 | D19: 26.000002 | E19: 54166.67 | F19: 54166.67 | G19: 54166.67 | H19: 54166.67 | I19: 54166.67 | J19: 54166.67 | K19: 54166.67 | L19: 54166.67 | M19: 54166.67 | N19: 54166.67 | O19: 54166.67 | P19: 54166.67 | Q19: 650000.04
A21: TOTALS | C21: 57485.002 | E21: =SUM(E7:E20) -> 180148.84 | F21: =SUM(F7:F20) -> 180148.84 | G21: =SUM(G7:G20) -> 180148.84 | H21: =SUM(H7:H20) -> 180148.84 | I21: =SUM(I7:I20) -> 180148.84 | J21: =SUM(J7:J20) -> 180148.84 | K21: =SUM(K7:K20) -> 180148.84 | L21: =SUM(L7:L20) -> 180148.84 | ... Q21: =SUM(Q7:Q20) -> 2161786.1

Sheet CAM
A1: TENANT | B1: SUITE | C1: SQ. FT. | D1: RATE/SF | E1: JAN | F1: FEB | G1: MAR | H1: APR | I1: MAY | J1: JUN | K1: JUL | L1: AUG | M1: SEP | N1: OCT | O1: NOV | P1: DEC | Q1: TOTAL
A4: Vacant | B4: Pad A | C4: 0.001 | D4: 0 | E4: 0 | F4: 0 | G4: 0 | H4: 0 | I4: 0 | J4: 0 | K4: 0 | L4: 0 | M4: 0 | N4: 0 | O4: 0 | P4: 0 | Q4: 0
A5: Someburros | B5: Pad B | C5: 3466 | D5: 0.48442211 | E5: 139.91725 | F5: 139.91725 | G5: 139.91725 | H5: 139.91725 | I5: 139.91725 | J5: 139.91725 | K5: 139.91725 | L5: 139.91725 | M5: 139.91725 | N5: 139.91725 | O5: 139.91725 | P5: 139.91725 | Q5: 1679.007
A6: Panda Express | B6: Pad C (SOLD) | C6: 2600 | D6: 0.48442211 | E6: 104.95812 | F6: 104.95812 | G6: 104.95812 | H6: 104.95812 | I6: 104.95812 | J6: 104.95812 | K6: 104.95812 | L6: 104.95812 | M6: 104.95812 | N6: 104.95812 | O6: 104.95812 | P6: 104.95812 | Q6: 1259.4975
A7: Heartland Dental | B7: Pad D - Suite 102 | C7: 3800 | D7: 2.9669617 | E7: 939.53786 | F7: 939.53786 | G7: 939.53786 | H7: 939.53786 | I7: 939.53786 | J7: 939.53786 | K7: 939.53786 | L7: 939.53786 | M7: 939.53786 | N7: 939.53786 | O7: 939.53786 | P7: 939.53786 | Q7: 11274.454
A8: Pita Kitchen | B8: Pad D - Suite 104 | C8: 1800 | D8: 2.9669617 | E8: 445.04425 | F8: 445.04425 | G8: 445.04425 | H8: 445.04425 | I8: 445.04425 | J8: 445.04425 | K8: 445.04425 | L8: 445.04425 | M8: 445.04425 | N8: 445.04425 | O8: 445.04425 | P8: 445.04425 | Q8: 5340.531
A9: The Buffalo Spot | B9: Pad D - Suite 106 | C9: 1899 | D9: 2.9669617 | E9: 469.52168 | F9: 469.52168 | G9: 469.52168 | H9: 469.52168 | I9: 469.52168 | J9: 469.52168 | K9: 469.52168 | L9: 469.52168 | M9: 469.52168 | N9: 469.52168 | O9: 469.52168 | P9: 469.52168 | Q9: 5634.2602
A10: Dip Nail Bar | B10: Pad D - Suite 108 | C10: 2500 | D10: 2.9669617 | E10: 618.11701 | F10: 618.11701 | G10: 618.11701 | H10: 618.11701 | I10: 618.11701 | J10: 618.11701 | K10: 618.11701 | L10: 618.11701 | M10: 618.11701 | N10: 618.11701 | O10: 618.11701 | P10: 618.11701 | Q10: 7417.4042
A11: First Watch | B11: Pad E - Suite 101 | C11: 3900 | D11: 0 | E11: 0 | F11: 0 | G11: 0 | H11: 0 | I11: 0 | J11: 0 | K11: 0 | L11: 0 | M11: 0 | N11: 0 | O11: 0 | P11: 0 | Q11: 0
A12: Port of Subs | B12: Pad E - Suite 104 | C12: 1201 | D12: 2.9669617 | E12: 296.94341 | F12: 296.94341 | G12: 296.94341 | H12: 296.94341 | I12: 296.94341 | J12: 296.94341 | K12: 296.94341 | L12: 296.94341 | M12: 296.94341 | N12: 296.94341 | O12: 296.94341 | P12: 296.94341 | Q12: 3563.321
A13: Mattress Firm | B13: Pad E - Suite 106 | C13: 3800 | D13: 2.9669617 | E13: 939.53786 | F13: 939.53786 | G13: 939.53786 | H13: 939.53786 | I13: 939.53786 | J13: 939.53786 | K13: 939.53786 | L13: 939.53786 | M13: 939.53786 | N13: 939.53786 | O13: 939.53786 | P13: 939.53786 | Q13: 11274.454
A14: Desert Financial Credit Union | B14: Pad F (BTS) | C14: 3676 | D14: 0.48442211 | E14: 148.39464 | F14: 148.39464 | G14: 148.39464 | H14: 148.39464 | I14: 148.39464 | J14: 148.39464 | K14: 148.39464 | L14: 148.39464 | M14: 148.39464 | N14: 148.39464 | O14: 148.39464 | P14: 148.39464 | Q14: 1780.7357
A15: McDonald's | B15: Pad G (GL) | C15: 3843 | D15: 0.48442211 | E15: 155.13618 | F15: 155.13618 | G15: 155.13618 | H15: 155.13618 | I15: 155.13618 | J15: 155.13618 | K15: 155.13618 | L15: 155.13618 | M15: 155.13618 | N15: 155.13618 | O15: 155.13618 | P15: 155.13618 | Q15: 1861.6342
A16: Goodwill | B16: Pad H | C16: 25000 | D16: 0.41054187 | E16: 855.29555 | F16: 855.29555 | G16: 855.29555 | H16: 855.29555 | I16: 855.29555 | J16: 855.29555 | K16: 855.29555 | L16: 855.29555 | M16: 855.29555 | N16: 855.29555 | O16: 855.29555 | P16: 855.29555 | Q16: 10263.547
A18: CAM TOTALS | C18: 57485.002 | E18: =SUM(E4:E17) -> 5112.4038 | F18: =SUM(F4:F17) -> 5112.4038 | G18: =SUM(G4:G17) -> 5112.4038 | H18: =SUM(H4:H17) -> 5112.4038 | I18: =SUM(I4:I17) -> 5112.4038 | J18: =SUM(J4:J17) -> 5112.4038 | K18: =SUM(K4:K17) -> 5112.4038 | L18: =SUM(L4:L17) -> 5112.4038 | ... Q18: =SUM(Q4:Q17) -> 61348.846

Sheet Fixed CAM
A4: TENANT | B4: SUITE | C4: SQ. FT. | D4: RATE/SF | E4: JAN | F4: FEB | G4: MAR | H4: APR | I4: MAY | J4: JUN | K4: JUL | L4: AUG | M4: SEP | N4: OCT | O4: NOV | P4: DEC | Q4: TOTAL
A8: Vacant | B8: Pad A | C8: 0.001 | D8: 0 | E8: 0 | F8: 0 | G8: 0 | H8: 0 | I8: 0 | J8: 0 | K8: 0 | L8: 0 | M8: 0 | N8: 0 | O8: 0 | P8: 0 | Q8: 0
A9: Someburros | B9: Pad B | C9: 3466 | D9: 3.5 | E9: 1010.9167 | F9: 1010.9167 | G9: 1010.9167 | H9: 1010.9167 | I9: 1010.9167 | J9: 1010.9167 | K9: 1010.9167 | L9: 1010.9167 | M9: 1010.9167 | N9: 1010.9167 | O9: 1010.9167 | P9: 1010.9167 | Q9: 12131
A10: Panda Express | B10: Pad C (SOLD) | C10: 2600 | D10: 0 | E10: 0 | F10: 0 | G10: 0 | H10: 0 | I10: 0 | J10: 0 | K10: 0 | L10: 0 | M10: 0 | N10: 0 | O10: 0 | P10: 0 | Q10: 0
A11: Heartland Dental | B11: Pad D - Suite 102 | C11: 3800 | D11: 3.5 | E11: 1108.3333 | F11: 1108.3333 | G11: 1108.3333 | H11: 1108.3333 | I11: 1108.3333 | J11: 1108.3333 | K11: 1108.3333 | L11: 1108.3333 | M11: 1108.3333 | N11: 1108.3333 | O11: 1108.3333 | P11: 1108.3333 | Q11: 13300
A12: Pita Kitchen | B12: Pad D - Suite 104 | C12: 1800 | D12: 3.5 | E12: 525 | F12: 525 | G12: 525 | H12: 525 | I12: 525 | J12: 525 | K12: 525 | L12: 525 | M12: 525 | N12: 525 | O12: 525 | P12: 525 | Q12: 6300
A13: The Buffalo Spot | B13: Pad D - Suite 106 | C13: 1899 | D13: 4.25 | E13: 672.5625 | F13: 672.5625 | G13: 672.5625 | H13: 672.5625 | I13: 672.5625 | J13: 672.5625 | K13: 672.5625 | L13: 672.5625 | M13: 672.5625 | N13: 672.5625 | O13: 672.5625 | P13: 672.5625 | Q13: 8070.75
A14: Dip Nail Bar | B14: Pad D - Suite 108 | C14: 2500 | D14: 3.5 | E14: 729.16667 | F14: 729.16667 | G14: 729.16667 | H14: 729.16667 | I14: 729.16667 | J14: 729.16667 | K14: 729.16667 | L14: 729.16667 | M14: 729.16667 | N14: 729.16667 | O14: 729.16667 | P14: 729.16667 | Q14: 8750
A15: First Watch | B15: Pad E - Suite 101 | C15: 3900 | D15: 3.5 | E15: 1137.5 | F15: 1137.5 | G15: 1137.5 | H15: 1137.5 | I15: 1137.5 | J15: 1137.5 | K15: 1137.5 | L15: 1137.5 | M15: 1137.5 | N15: 1137.5 | O15: 1137.5 | P15: 1137.5 | Q15: 13650
A16: Port of Subs | B16: Pad E - Suite 104 | C16: 1201 | D16: 4.25 | E16: 425.35417 | F16: 425.35417 | G16: 425.35417 | H16: 425.35417 | I16: 425.35417 | J16: 425.35417 | K16: 425.35417 | L16: 425.35417 | M16: 425.35417 | N16: 425.35417 | O16: 425.35417 | P16: 425.35417 | Q16: 5104.25
A17: Mattress Firm | B17: Pad E - Suite 106 | C17: 3800 | D17: 3.5 | E17: 1108.3333 | F17: 1108.3333 | G17: 1108.3333 | H17: 1108.3333 | I17: 1108.3333 | J17: 1108.3333 | K17: 1108.3333 | L17: 1108.3333 | M17: 1108.3333 | N17: 1108.3333 | O17: 1108.3333 | P17: 1108.3333 | Q17: 13300
A18: Desert Financial Credit Union | B18: Pad F (BTS) | C18: 3676 | D18: 3.5 | E18: 1072.1667 | F18: 1072.1667 | G18: 1072.1667 | H18: 1072.1667 | I18: 1072.1667 | J18: 1072.1667 | K18: 1072.1667 | L18: 1072.1667 | M18: 1072.1667 | N18: 1072.1667 | O18: 1072.1667 | P18: 1072.1667 | Q18: 12866
A19: McDonald's | B19: Pad G (GL) | C19: 3843 | D19: 0 | E19: 0 | F19: 0 | G19: 0 | H19: 0 | I19: 0 | J19: 0 | K19: 0 | L19: 0 | M19: 0 | N19: 0 | O19: 0 | P19: 0 | Q19: 0
A20: Goodwill | B20: Pad H | C20: 25000 | D20: 3.5 | E20: 7291.6667 | F20: 7291.6667 | G20: 7291.6667 | H20: 7291.6667 | I20: 7291.6667 | J20: 7291.6667 | K20: 7291.6667 | L20: 7291.6667 | M20: 7291.6667 | N20: 7291.6667 | O20: 7291.6667 | P20: 7291.6667 | Q20: 87500
A22: TOTALS | C22: 57485.002 | E22: =SUM(E8:E21) -> 15081 | F22: =SUM(F8:F21) -> 15081 | G22: =SUM(G8:G21) -> 15081 | H22: =SUM(H8:H21) -> 15081 | I22: =SUM(I8:I21) -> 15081 | J22: =SUM(J8:J21) -> 15081 | K22: =SUM(K8:K21) -> 15081 | L22: =SUM(L8:L21) -> 15081 | ... Q22: =SUM(Q8:Q21) -> 180972
L24: -18560
L26: 5112.4038

Sheet INS
A2: TENANT | B2: SUITE | C2: SQ. FT. | D2: RATE/SF | E2: JAN | F2: FEB | G2: MAR | H2: APR | I2: MAY | J2: JUN | K2: JUL | L2: AUG | M2: SEP | N2: OCT | O2: NOV | P2: DEC | Q2: TOTAL
A4: Vacant | B4: Pad A | C4: 0.001 | D4: 0 | E4: 0 | F4: 0 | G4: 0 | H4: 0 | I4: 0 | J4: 0 | K4: 0 | L4: 0 | M4: 0 | N4: 0 | O4: 0 | P4: 0 | Q4: 0
A5: Someburros | B5: Pad B | C5: 3466 | D5: 0.25045228 | E5: 72.338968 | F5: 72.338968 | G5: 72.338968 | H5: 72.338968 | I5: 72.338968 | J5: 72.338968 | K5: 72.338968 | L5: 72.338968 | M5: 72.338968 | N5: 72.338968 | O5: 72.338968 | P5: 72.338968 | Q5: 868.06761
A6: Panda Express | B6: Pad C (SOLD) | C6: 2600 | D6: 0.25045228 | E6: 54.264661 | F6: 54.264661 | G6: 54.264661 | H6: 54.264661 | I6: 54.264661 | J6: 54.264661 | K6: 54.264661 | L6: 54.264661 | M6: 54.264661 | N6: 54.264661 | O6: 54.264661 | P6: 54.264661 | Q6: 651.17594
A7: Heartland Dental | B7: Pad D - Suite 102 | C7: 3800 | D7: 0.52183798 | E7: 165.24869 | F7: 165.24869 | G7: 165.24869 | H7: 165.24869 | I7: 165.24869 | J7: 165.24869 | K7: 165.24869 | L7: 165.24869 | M7: 165.24869 | N7: 165.24869 | O7: 165.24869 | P7: 165.24869 | Q7: 1982.9843
A8: Pita Kitchen | B8: Pad D - Suite 104 | C8: 1800 | D8: 0.52183798 | E8: 78.275697 | F8: 78.275697 | G8: 78.275697 | H8: 78.275697 | I8: 78.275697 | J8: 78.275697 | K8: 78.275697 | L8: 78.275697 | M8: 78.275697 | N8: 78.275697 | O8: 78.275697 | P8: 78.275697 | Q8: 939.30837
A9: The Buffalo Spot | B9: Pad D - Suite 106 | C9: 1899 | D9: 0.52183798 | E9: 82.580861 | F9: 82.580861 | G9: 82.580861 | H9: 82.580861 | I9: 82.580861 | J9: 82.580861 | K9: 82.580861 | L9: 82.580861 | M9: 82.580861 | N9: 82.580861 | O9: 82.580861 | P9: 82.580861 | Q9: 990.97033
A10: Dip Nail Bar | B10: Pad D - Suite 108 | C10: 2500 | D10: 0.52183798 | E10: 108.71625 | F10: 108.71625 | G10: 108.71625 | H10: 108.71625 | I10: 108.71625 | J10: 108.71625 | K10: 108.71625 | L10: 108.71625 | M10: 108.71625 | N10: 108.71625 | O10: 108.71625 | P10: 108.71625 | Q10: 1304.595
A11: First Watch | B11: Pad E - Suite 101 | C11: 3900 | D11: 0.5 | E11: 162.5 | F11: 162.5 | G11: 162.5 | H11: 162.5 | I11: 162.5 | J11: 162.5 | K11: 162.5 | L11: 162.5 | M11: 162.5 | N11: 162.5 | O11: 162.5 | P11: 162.5 | Q11: 1950
A12: Port of Subs | B12: Pad E - Suite 104 | C12: 1201 | D12: 0.52183798 | E12: 52.227285 | F12: 52.227285 | G12: 52.227285 | H12: 52.227285 | I12: 52.227285 | J12: 52.227285 | K12: 52.227285 | L12: 52.227285 | M12: 52.227285 | N12: 52.227285 | O12: 52.227285 | P12: 52.227285 | Q12: 626.72742
A13: Mattress Firm | B13: Pad E - Suite 106 | C13: 3800 | D13: 0.52183798 | E13: 165.24869 | F13: 165.24869 | G13: 165.24869 | H13: 165.24869 | I13: 165.24869 | J13: 165.24869 | K13: 165.24869 | L13: 165.24869 | M13: 165.24869 | N13: 165.24869 | O13: 165.24869 | P13: 165.24869 | Q13: 1982.9843
A14: Desert Financial Credit Union | B14: Pad F (BTS) | C14: 3676 | D14: 0.25045228 | E14: 76.721883 | F14: 76.721883 | G14: 76.721883 | H14: 76.721883 | I14: 76.721883 | J14: 76.721883 | K14: 76.721883 | L14: 76.721883 | M14: 76.721883 | N14: 76.721883 | O14: 76.721883 | P14: 76.721883 | Q14: 920.66259
A15: McDonald's | B15: Pad G (GL) | C15: 3843 | D15: 0.25045228 | E15: 80.207344 | F15: 80.207344 | G15: 80.207344 | H15: 80.207344 | I15: 80.207344 | J15: 80.207344 | K15: 80.207344 | L15: 80.207344 | M15: 80.207344 | N15: 80.207344 | O15: 80.207344 | P15: 80.207344 | Q15: 962.48812
A16: Goodwill | B16: Pad H | C16: 25000 | D16: 0.25045228 | E16: 521.77559 | F16: 521.77559 | G16: 521.77559 | H16: 521.77559 | I16: 521.77559 | J16: 521.77559 | K16: 521.77559 | L16: 521.77559 | M16: 521.77559 | N16: 521.77559 | O16: 521.77559 | P16: 521.77559 | Q16: 6261.3071
A18: TOTALS | C18: 57485.002 | E18: =SUM(E4:E17) -> 1620.1059 | F18: =SUM(F4:F17) -> 1620.1059 | G18: =SUM(G4:G17) -> 1620.1059 | H18: =SUM(H4:H17) -> 1620.1059 | I18: =SUM(I4:I17) -> 1620.1059 | J18: =SUM(J4:J17) -> 1620.1059 | K18: =SUM(K4:K17) -> 1620.1059 | L18: =SUM(L4:L17) -> 1620.1059 | ... Q18: =SUM(Q4:Q17) -> 19441.271
K20: -104.17 | L20: -1390

Sheet TAX
A3: TENANT | B3: SUITE | C3: SQ. FT. | D3: RATE/SF | E3: JAN | F3: FEB | G3: MAR | H3: APR | I3: MAY | J3: JUN | K3: JUL | L3: AUG | M3: SEP | N3: OCT | O3: NOV | P3: DEC | Q3: TOTAL
A7: Vacant | B7: Pad A | C7: 0.001 | D7: 0 | E7: 0 | F7: 0 | G7: 0 | H7: 0 | I7: 0 | J7: 0 | K7: 0 | L7: 0 | M7: 0 | N7: 0 | O7: 0 | P7: 0 | Q7: 0
A8: Someburros | B8: Pad B | C8: 3466 | D8: 2.5254441 | E8: 729.43244 | F8: 729.43244 | G8: 729.43244 | H8: 729.43244 | I8: 729.43244 | J8: 729.43244 | K8: 729.43244 | L8: 729.43244 | M8: 729.43244 | N8: 729.43244 | O8: 729.43244 | P8: 729.43244 | Q8: 8753.1893
A9: Panda Express | B9: Pad C (SOLD) | C9: 2600 | D9: 0 | E9: 0 | F9: 0 | G9: 0 | H9: 0 | I9: 0 | J9: 0 | K9: 0 | L9: 0 | M9: 0 | N9: 0 | O9: 0 | P9: 0 | Q9: 0
A10: Heartland Dental | B10: Pad D - Suite 102 | C10: 3800 | D10: 2.5254441 | E10: 799.72397 | F10: 799.72397 | G10: 799.72397 | H10: 799.72397 | I10: 799.72397 | J10: 799.72397 | K10: 799.72397 | L10: 799.72397 | M10: 799.72397 | N10: 799.72397 | O10: 799.72397 | P10: 799.72397 | Q10: 9596.6876
A11: Pita Kitchen | B11: Pad D - Suite 104 | C11: 1800 | D11: 2.5254441 | E11: 378.81662 | F11: 378.81662 | G11: 378.81662 | H11: 378.81662 | I11: 378.81662 | J11: 378.81662 | K11: 378.81662 | L11: 378.81662 | M11: 378.81662 | N11: 378.81662 | O11: 378.81662 | P11: 378.81662 | Q11: 4545.7994
A12: The Buffalo Spot | B12: Pad D - Suite 106 | C12: 1899 | D12: 2.5254441 | E12: 399.65153 | F12: 399.65153 | G12: 399.65153 | H12: 399.65153 | I12: 399.65153 | J12: 399.65153 | K12: 399.65153 | L12: 399.65153 | M12: 399.65153 | N12: 399.65153 | O12: 399.65153 | P12: 399.65153 | Q12: 4795.8184
A13: Dip Nail Bar | B13: Pad D - Suite 108 | C13: 2500 | D13: 2.5254441 | E13: 526.13419 | F13: 526.13419 | G13: 526.13419 | H13: 526.13419 | I13: 526.13419 | J13: 526.13419 | K13: 526.13419 | L13: 526.13419 | M13: 526.13419 | N13: 526.13419 | O13: 526.13419 | P13: 526.13419 | Q13: 6313.6103
A14: First Watch | B14: Pad E - Suite 101 | C14: 3900 | D14: 3 | E14: 975 | F14: 975 | G14: 975 | H14: 975 | I14: 975 | J14: 975 | K14: 975 | L14: 975 | M14: 975 | N14: 975 | O14: 975 | P14: 975 | Q14: 11700
A15: Port of Subs | B15: Pad E - Suite 104 | C15: 1201 | D15: 2.5254441 | E15: 252.75486 | F15: 252.75486 | G15: 252.75486 | H15: 252.75486 | I15: 252.75486 | J15: 252.75486 | K15: 252.75486 | L15: 252.75486 | M15: 252.75486 | N15: 252.75486 | O15: 252.75486 | P15: 252.75486 | Q15: 3033.0584
A16: Mattress Firm | B16: Pad E - Suite 106 | C16: 3800 | D16: 2.5254441 | E16: 799.72397 | F16: 799.72397 | G16: 799.72397 | H16: 799.72397 | I16: 799.72397 | J16: 799.72397 | K16: 799.72397 | L16: 799.72397 | M16: 799.72397 | N16: 799.72397 | O16: 799.72397 | P16: 799.72397 | Q16: 9596.6876
A17: Desert Financial Credit Union | B17: Pad F (BTS) | C17: 3676 | D17: 2.5254441 | E17: 773.62771 | F17: 773.62771 | G17: 773.62771 | H17: 773.62771 | I17: 773.62771 | J17: 773.62771 | K17: 773.62771 | L17: 773.62771 | M17: 773.62771 | N17: 773.62771 | O17: 773.62771 | P17: 773.62771 | Q17: 9283.5325
A18: McDonald's | B18: Pad G (GL) | C18: 3843 | D18: 2.5254441 | E18: 808.77348 | F18: 808.77348 | G18: 808.77348 | H18: 808.77348 | I18: 808.77348 | J18: 808.77348 | K18: 808.77348 | L18: 808.77348 | M18: 808.77348 | N18: 808.77348 | O18: 808.77348 | P18: 808.77348 | Q18: 9705.2817
A19: Goodwill | B19: Pad H | C19: 25000 | D19: 2.5254441 | E19: 5261.3419 | F19: 5261.3419 | G19: 5261.3419 | H19: 5261.3419 | I19: 5261.3419 | J19: 5261.3419 | K19: 5261.3419 | L19: 5261.3419 | M19: 5261.3419 | N19: 5261.3419 | O19: 5261.3419 | P19: 5261.3419 | Q19: 63136.103
A21: TOTALS | C21: 57485.002 | E21: =SUM(E7:E20) -> 11704.981 | F21: =SUM(F7:F20) -> 11704.981 | G21: =SUM(G7:G20) -> 11704.981 | H21: =SUM(H7:H20) -> 11704.981 | I21: =SUM(I7:I20) -> 11704.981 | J21: =SUM(J7:J20) -> 11704.981 | K21: =SUM(K7:K20) -> 11704.981 | L21: =SUM(L7:L20) -> 11704.981 | ... Q21: =SUM(Q7:Q20) -> 140459.77
L23: -2992
J24: -520.83

Sheet data
A2: Unit | B2: Tenant | C2: Particulars | D2: Jan 2026 | E2: Feb 2026 | F2: Mar 2026 | G2: Apr 2026 | H2: May 2026 | I2: Jun 2026 | J2: Jul 2026 | K2: Aug 2026 | L2: Sep 2026 | M2: Oct 2026 | N2: Nov 2026 | O2: Dec 2026 | P2: Total
A3: Pad A | B3: Vacant | C3: BAS | D3: 0 | E3: 0 | F3: 0 | G3: 0 | H3: 0 | I3: 0 | J3: 0 | K3: 0 | L3: 0 | M3: 0 | N3: 0 | O3: 0 | P3: 0
A4: Pad B | B4: Someburros | C4: BAS | D4: 15166.67 | E4: 15166.67 | F4: 15166.67 | G4: 15166.67 | H4: 15166.67 | I4: 15166.67 | J4: 15166.67 | K4: 15166.67 | L4: 15166.67 | M4: 15166.67 | N4: 15166.67 | O4: 15166.67 | P4: 182000.04
A5: Pad C (SOLD) | B5: Panda Express | C5: BAS | D5: 0.0001 | E5: 0.0001 | F5: 0.0001 | G5: 0.0001 | H5: 0.0001 | I5: 0.0001 | J5: 0.0001 | K5: 0.0001 | L5: 0.0001 | M5: 0.0001 | N5: 0.0001 | O5: 0.0001 | P5: 0.0012
A6: Pad D - Suite 102 | B6: Heartland Dental | C6: BAS | D6: 15595.83 | E6: 15595.83 | F6: 15595.83 | G6: 15595.83 | H6: 15595.83 | I6: 15595.83 | J6: 15595.83 | K6: 15595.83 | L6: 15595.83 | M6: 15595.83 | N6: 15595.83 | O6: 15595.83 | P6: 187149.96
A7: Pad D - Suite 104 | B7: Pita Kitchen | C7: BAS | D7: 7650 | E7: 7650 | F7: 7650 | G7: 7650 | H7: 7650 | I7: 7650 | J7: 7650 | K7: 7650 | L7: 7650 | M7: 7650 | N7: 7650 | O7: 7650 | P7: 91800
A8: Pad D - Suite 106 | B8: The Buffalo Spot | C8: BAS | D8: 7437.75 | E8: 7437.75 | F8: 7437.75 | G8: 7437.75 | H8: 7437.75 | I8: 7437.75 | J8: 7437.75 | K8: 7437.75 | L8: 7437.75 | M8: 7437.75 | N8: 7437.75 | O8: 7437.75 | P8: 89253
A9: Pad D - Suite 108 | B9: Dip Nail Bar | C9: BAS | D9: 9375 | E9: 9375 | F9: 9375 | G9: 9375 | H9: 9375 | I9: 9375 | J9: 9375 | K9: 9375 | L9: 9375 | M9: 9375 | N9: 9375 | O9: 9375 | P9: 112500
A10: Pad E - Suite 101 | B10: First Watch | C10: BAS | D10: 16833.33 | E10: 16833.33 | F10: 16833.33 | G10: 16833.33 | H10: 16833.33 | I10: 16833.33 | J10: 16833.33 | K10: 16833.33 | L10: 16833.33 | M10: 16833.33 | N10: 16833.33 | O10: 16833.33 | P10: 201999.96
A11: Pad E - Suite 104 | B11: Port of Subs | C11: BAS | D11: 4703.92 | E11: 4703.92 | F11: 4703.92 | G11: 4703.92 | H11: 4703.92 | I11: 4703.92 | J11: 4703.92 | K11: 4703.92 | L11: 4703.92 | M11: 4703.92 | N11: 4703.92 | O11: 4703.92 | P11: 56447.04
A12: Pad E - Suite 106 | B12: Mattress Firm | C12: BAS | D12: 14883.33 | E12: 14883.33 | F12: 14883.33 | G12: 14883.33 | H12: 14883.33 | I12: 14883.33 | J12: 14883.33 | K12: 14883.33 | L12: 14883.33 | M12: 14883.33 | N12: 14883.33 | O12: 14883.33 | P12: 178599.96
A13: Pad F (BTS) | B13: Desert Financial Credit Union | C13: BAS | D13: 22668.67 | E13: 22668.67 | F13: 22668.67 | G13: 22668.67 | H13: 22668.67 | I13: 22668.67 | J13: 22668.67 | K13: 22668.67 | L13: 22668.67 | M13: 22668.67 | N13: 22668.67 | O13: 22668.67 | P13: 272024.04
A14: Pad G (GL) | B14: McDonald's | C14: BAS | D14: 11667.67 | E14: 11667.67 | F14: 11667.67 | G14: 11667.67 | H14: 11667.67 | I14: 11667.67 | J14: 11667.67 | K14: 11667.67 | L14: 11667.67 | M14: 11667.67 | N14: 11667.67 | O14: 11667.67 | P14: 140012.04
... A67: Pad H | B67: Goodwill | C67: TAX | D67: 5261.3419 | E67: 5261.3419 | F67: 5261.3419 | G67: 5261.3419 | H67: 5261.3419 | I67: 5261.3419 | J67: 5261.3419 | K67: 5261.3419 | L67: 5261.3419 | M67: 5261.3419 | N67: 5261.3419 | O67: 5261.3419 | P67: 63136.103
K71: -1041.24
K72: -115.53
K73: -577.67
